{
  "model_name": "Random Forest",
  "metrics": {
    "accuracy": 0.9949999999999999,
    "precision": 0.9952341597796144,
    "recall": 0.9949999999999999,
    "f1_score": 0.9949834632633092,
    "accuracy_std": 0.001700753357624515
  },
  "classes": [
    0,
    1,
    2,
    3,
    4,
    5,
    6,
    7,
    8,
    9,
    10,
    11,
    12,
    13,
    14,
    15,
    16,
    17,
    18,
    19,
    20,
    21
  ],
  "features": [
    "N",
    "P",
    "K",
    "temperature",
    "humidity",
    "ph",
    "rainfall"
  ]
}